{
  "num_leaves": 78,
  "learning_rate": 0.04282187151170881,
  "max_depth": 10,
  "min_child_samples": 97,
  "feature_fraction": 0.6361207809225795,
  "bagging_fraction": 0.5481954810767496,
  "lambda_l1": 3.2584569136159827,
  "lambda_l2": 0.019005594069851025,
  "best_iteration": 40
}